<?xml version="1.0" encoding="UTF-8" standalone="no"?>
<?fileVersion 4.0.0?><cproject storage_type_id="org.eclipse.cdt.core.XmlProjectDescriptionStorage">
	<storageModule moduleId="org.eclipse.cdt.core.settings">
		<cconfiguration id="0.1677667591">
			<storageModule buildSystemId="org.eclipse.cdt.managedbuilder.core.configurationDataProvider" id="0.1677667591" moduleId="org.eclipse.cdt.core.settings" name="Default">
				<externalSettings/>
				<extensions>
					<extension id="org.eclipse.cdt.core.GNU_ELF" point="org.eclipse.cdt.core.BinaryParser"/>
					<extension id="org.eclipse.cdt.core.GASErrorParser" point="org.eclipse.cdt.core.ErrorParser"/>
					<extension id="org.eclipse.cdt.core.GmakeErrorParser" point="org.eclipse.cdt.core.ErrorParser"/>
					<extension id="org.eclipse.cdt.core.GLDErrorParser" point="org.eclipse.cdt.core.ErrorParser"/>
					<extension id="org.eclipse.cdt.core.VCErrorParser" point="org.eclipse.cdt.core.ErrorParser"/>
					<extension id="org.eclipse.cdt.core.CWDLocator" point="org.eclipse.cdt.core.ErrorParser"/>
					<extension id="org.eclipse.cdt.core.GCCErrorParser" point="org.eclipse.cdt.core.ErrorParser"/>
				</extensions>
			</storageModule>
			<storageModule moduleId="cdtBuildSystem" version="4.0.0">
				<configuration artifactName="${ProjName}" buildProperties="" description="" id="0.1677667591" name="Default" parent="org.eclipse.cdt.build.core.prefbase.cfg">
					<folderInfo id="0.1677667591." name="/" resourcePath="">
						<toolChain id="org.eclipse.cdt.build.core.prefbase.toolchain.1724014831" name="No ToolChain" resourceTypeBasedDiscovery="false" superClass="org.eclipse.cdt.build.core.prefbase.toolchain">
							<targetPlatform binaryParser="org.eclipse.cdt.core.GNU_ELF" id="org.eclipse.cdt.build.core.prefbase.toolchain.1724014831.157797404" name=""/>
							<builder id="org.eclipse.cdt.build.core.settings.default.builder.984893330" keepEnvironmentInBuildfile="false" managedBuildOn="false" name="Gnu Make Builder" superClass="org.eclipse.cdt.build.core.settings.default.builder"/>
							<tool id="org.eclipse.cdt.build.core.settings.holder.libs.1366241199" name="holder for library settings" superClass="org.eclipse.cdt.build.core.settings.holder.libs"/>
							<tool id="org.eclipse.cdt.build.core.settings.holder.1290986605" name="Assembly" superClass="org.eclipse.cdt.build.core.settings.holder">
								<inputType id="org.eclipse.cdt.build.core.settings.holder.inType.1218431121" languageId="org.eclipse.cdt.core.assembly" languageName="Assembly" sourceContentType="org.eclipse.cdt.core.asmSource" superClass="org.eclipse.cdt.build.core.settings.holder.inType"/>
							</tool>
							<tool id="org.eclipse.cdt.build.core.settings.holder.71553212" name="GNU C++" superClass="org.eclipse.cdt.build.core.settings.holder">
								<inputType id="org.eclipse.cdt.build.core.settings.holder.inType.1755408852" languageId="org.eclipse.cdt.core.g++" languageName="GNU C++" sourceContentType="org.eclipse.cdt.core.cxxSource,org.eclipse.cdt.core.cxxHeader" superClass="org.eclipse.cdt.build.core.settings.holder.inType"/>
							</tool>
							<tool id="org.eclipse.cdt.build.core.settings.holder.221373566" name="GNU C" superClass="org.eclipse.cdt.build.core.settings.holder">
								<option id="org.eclipse.cdt.build.core.settings.holder.incpaths.2010328496" superClass="org.eclipse.cdt.build.core.settings.holder.incpaths" valueType="includePath">
									<listOptionValue builtIn="false" value="/home/diana/CursoEmbebidos/gcc-arm-none-eabi-7-2018-q2-update/arm-none-eabi/include"/>
								</option>
								<inputType id="org.eclipse.cdt.build.core.settings.holder.inType.1269458325" languageId="org.eclipse.cdt.core.gcc" languageName="GNU C" sourceContentType="org.eclipse.cdt.core.cSource,org.eclipse.cdt.core.cHeader" superClass="org.eclipse.cdt.build.core.settings.holder.inType"/>
							</tool>
						</toolChain>
					</folderInfo>
				</configuration>
			</storageModule>
			<storageModule moduleId="org.eclipse.cdt.core.externalSettings"/>
		</cconfiguration>
	</storageModule>
	<storageModule moduleId="cdtBuildSystem" version="4.0.0">
		<project id="TP6_ej1.null.1624005035" name="TP6_ej1"/>
	</storageModule>
	<storageModule moduleId="scannerConfiguration">
		<autodiscovery enabled="true" problemReportingEnabled="true" selectedProfileId=""/>
		<scannerConfigBuildInfo instanceId="0.1838538705">
			<autodiscovery enabled="true" problemReportingEnabled="true" selectedProfileId=""/>
		</scannerConfigBuildInfo>
		<scannerConfigBuildInfo instanceId="0.1174029839">
			<autodiscovery enabled="true" problemReportingEnabled="true" selectedProfileId=""/>
		</scannerConfigBuildInfo>
		<scannerConfigBuildInfo instanceId="0.1677667591">
			<autodiscovery enabled="true" problemReportingEnabled="true" selectedProfileId=""/>
		</scannerConfigBuildInfo>
		<scannerConfigBuildInfo instanceId="0.147252033">
			<autodiscovery enabled="true" problemReportingEnabled="true" selectedProfileId=""/>
		</scannerConfigBuildInfo>
	</storageModule>
	<storageModule moduleId="org.eclipse.cdt.core.LanguageSettingsProviders"/>
	<storageModule moduleId="refreshScope" versionNumber="2">
		<configuration configurationName="Default">
			<resource resourceType="PROJECT" workspacePath="/TP6_ej1"/>
		</configuration>
	</storageModule>
	<storageModule moduleId="org.eclipse.cdt.internal.ui.text.commentOwnerProjectMappings"/>
</cproject>
